Rk,Team,Conf,W-L,NetRtg,ORtg,DRtg,AdjT,Luck,NetRtg,ORtg,DRtg,NetRtg
1,Connecticut 1,BE,37-3,+36.43,127.5,91.1,64.6,+.037,+12.42,113.2,100.8,-3.40
2,Houston 1,B12,32-5,+31.17,118.9,87.7,63.5,+.042,+11.57,111.9,100.3,-1.02
3,Purdue 1,B10,34-5,+30.62,125.2,94.6,67.0,+.048,+14.65,114.4,99.8,+10.58
4,Auburn 4,SEC,27-8,+27.99,120.4,92.4,70.0,-.080,+9.49,111.9,102.4,+1.47
5,Tennessee 2,SEC,27-9,+26.61,116.8,90.2,69.3,-.026,+13.35,114.6,101.2,+8.97
6,Arizona 2,P12,27-9,+26.55,120.2,93.7,72.2,-.047,+11.12,112.2,101.1,+10.47
7,Duke 4,ACC,27-9,+26.47,121.6,95.2,66.4,-.064,+10.07,111.1,101.1,-0.04
8,Iowa St. 2,B12,29-8,+26.47,113.9,87.5,67.2,+.002,+10.43,111.3,100.8,-7.05
9,North Carolina 1,ACC,29-8,+26.19,119.7,93.5,70.6,-.038,+12.17,112.6,100.5,+6.99
10,Illinois 3,B10,29-9,+24.53,125.5,101.0,69.8,-.004,+11.92,111.8,99.9,-2.33
11,Creighton 3,BE,25-10,+24.22,120.9,96.7,66.8,-.018,+11.96,112.3,100.4,+4.99
12,Gonzaga 5,WCC,27-8,+23.17,122.6,99.4,68.9,-.051,+5.21,109.3,104.1,+7.70
13,Marquette 2,BE,27-10,+23.02,118.2,95.2,69.1,+.035,+13.60,113.4,99.8,+8.21
14,Alabama 4,SEC,25-12,+22.96,126.0,103.0,72.6,-.001,+14.71,115.1,100.4,+9.46
15,Baylor 3,B12,24-11,+21.90,122.4,100.5,65.8,-.016,+13.44,112.4,99.0,+3.36
16,Michigan St. 9,B10,20-15,+20.58,114.3,93.7,65.3,-.100,+13.03,114.2,101.1,+4.62
17,Wisconsin 5,B10,22-14,+20.06,119.2,99.2,65.5,-.036,+14.04,113.2,99.2,+6.22
18,BYU 6,B12,23-11,+19.96,119.8,99.9,69.2,-.048,+9.21,110.1,100.9,-5.67
19,Clemson 6,ACC,24-12,+19.44,117.7,98.3,66.4,-.018,+12.09,113.5,101.4,+4.91
20,Saint Mary's 5,WCC,26-8,+19.43,114.5,95.0,62.5,+.008,+3.54,108.5,104.9,+5.20
21,St. John's,BE,20-13,+19.41,119.0,99.6,69.3,-.068,+11.19,112.5,101.3,+1.64
22,San Diego St. 5,MWC,26-11,+19.36,113.4,94.0,66.2,+.008,+11.16,112.8,101.7,+10.56
23,Kentucky 3,SEC,23-10,+19.29,122.2,102.9,72.7,-.040,+8.94,111.4,102.5,-0.17
24,Colorado 10,P12,26-11,+19.03,118.4,99.3,67.6,+.014,+9.34,110.9,101.6,-1.47
25,Texas 7,B12,21-13,+18.77,116.5,97.7,67.4,-.042,+10.91,111.4,100.5,-3.13
26,Florida 7,SEC,24-12,+18.19,120.0,101.8,72.0,-.021,+11.00,112.5,101.5,+2.02
27,Kansas 4,B12,23-11,+17.94,113.5,95.6,69.2,+.058,+13.61,113.0,99.3,+5.20
28,Wake Forest,ACC,21-14,+17.89,117.7,99.8,68.5,-.100,+9.00,110.0,101.0,-1.85
29,New Mexico 11,MWC,26-10,+17.80,114.4,96.6,72.8,-.013,+7.04,110.2,103.2,-0.50
30,Nebraska 8,B10,23-11,+17.55,116.2,98.7,69.0,+.010,+9.39,110.9,101.6,-5.41
31,Texas Tech 6,B12,23-11,+17.32,117.4,100.1,66.8,+.034,+10.24,111.1,100.9,-2.63
32,Dayton 7,A10,25-8,+17.30,117.7,100.4,64.5,+.007,+6.88,109.3,102.4,+6.97
33,Pittsburgh,ACC,22-11,+17.18,116.5,99.3,65.6,+.005,+8.43,110.9,102.4,-6.46
34,Mississippi St. 8,SEC,21-14,+17.07,113.0,95.9,67.1,-.037,+11.36,112.7,101.3,+0.68
35,Texas A&M 9,SEC,21-15,+17.02,117.5,100.5,66.6,-.033,+12.06,112.9,100.9,+5.10
36,Colorado St. 10,MWC,25-11,+17.02,114.0,97.0,66.1,-.026,+9.30,111.9,102.6,+5.84
37,Villanova,BE,18-16,+16.78,111.4,94.6,63.6,-.093,+11.59,112.7,101.1,+5.89
38,Indiana St.,MVC,32-7,+16.69,119.9,103.2,70.9,+.032,+3.07,107.7,104.7,-4.40
39,Cincinnati,B12,22-15,+16.47,112.0,95.5,67.5,-.073,+9.25,110.8,101.5,-4.17
40,Nevada 10,MWC,26-8,+16.41,115.0,98.6,66.8,+.043,+5.79,109.7,103.9,-1.43
41,Northwestern 9,B10,22-12,+16.41,115.9,99.5,64.2,+.015,+10.71,112.4,101.7,-7.35
42,Washington St. 7,P12,25-10,+16.33,113.2,96.9,64.8,+.024,+7.91,110.3,102.4,-5.27
43,TCU 9,B12,21-13,+16.04,114.7,98.7,69.8,-.049,+9.71,110.6,100.9,-8.39
44,Boise St. 10,MWC,22-11,+15.97,113.4,97.4,66.6,-.002,+9.55,111.1,101.5,+8.08
45,N.C. State 11,ACC,26-15,+15.90,114.3,98.4,68.0,+.014,+11.33,112.2,100.8,-4.99
46,Oklahoma,B12,20-12,+15.77,114.1,98.4,67.1,-.024,+9.96,110.4,100.5,-5.38
47,Florida Atlantic 8,Amer,25-9,+15.74,117.8,102.1,68.3,-.015,+5.56,109.6,104.1,+6.63
48,Utah,P12,22-15,+15.41,114.6,99.2,70.0,-.024,+10.29,111.7,101.4,+5.52
49,Ohio St.,B10,22-14,+15.19,115.2,100.0,66.5,-.024,+9.68,111.6,101.9,-1.94
50,Seton Hall,BE,25-12,+15.03,113.1,98.1,66.8,+.087,+10.10,111.8,101.7,-1.47
51,Utah St. 8,MWC,28-7,+14.89,116.0,101.1,68.9,+.128,+6.83,109.8,103.0,+1.78
52,Grand Canyon 12,WAC,30-5,+14.84,112.9,98.1,68.5,+.023,+0.17,105.2,105.1,-1.67
53,Drake 10,MVC,28-7,+14.53,115.1,100.5,68.0,+.051,+2.95,108.0,105.0,-1.34
54,South Carolina 6,SEC,26-8,+14.40,114.9,100.5,63.2,+.144,+7.94,110.5,102.6,-5.83
55,Oregon 11,P12,24-12,+14.19,114.7,100.5,67.3,+.045,+9.88,111.3,101.5,-0.11
56,Xavier,BE,16-18,+14.17,113.2,99.0,71.2,-.060,+13.22,113.3,100.1,+4.87
57,Iowa,B10,19-15,+14.15,119.6,105.4,71.8,-.021,+11.88,112.6,100.8,-1.15
58,Virginia Tech,ACC,19-15,+14.08,115.8,101.7,68.0,-.041,+9.90,110.7,100.8,+2.51
59,Providence,BE,21-14,+13.70,109.1,95.4,67.6,+.010,+10.26,112.3,102.1,-2.06
60,Washington,P12,17-15,+12.95,115.3,102.3,71.2,-.081,+9.48,111.0,101.5,+5.96
61,Butler,BE,18-15,+12.60,113.2,100.6,68.6,-.027,+11.83,112.5,100.7,+2.05
62,Maryland,B10,16-17,+12.51,107.3,94.7,65.5,-.093,+9.81,111.3,101.5,-4.94
63,James Madison 12,SB,32-4,+12.42,113.0,100.6,69.7,+.093,-3.41,104.1,107.5,-6.82
64,Bradley,MVC,23-12,+12.18,112.1,100.0,66.4,-.036,+4.07,107.7,103.7,+2.72
65,San Francisco,WCC,23-11,+12.05,110.5,98.4,67.4,-.055,+0.17,106.7,106.6,-2.51
66,UCF,B12,17-16,+11.83,107.5,95.6,68.7,-.072,+9.02,110.8,101.8,-5.96
67,McNeese St. 12,Slnd,30-4,+11.80,113.4,101.5,65.9,+.032,-6.38,102.6,109.0,+4.47
68,Virginia 10,ACC,23-11,+11.80,105.1,93.3,60.1,+.108,+9.07,111.6,102.5,-1.09
69,Princeton,Ivy,24-5,+11.58,116.7,105.1,65.5,+.027,+0.54,106.4,105.8,+3.14
70,Kansas St.,B12,19-15,+11.52,108.3,96.8,67.7,+.028,+11.49,111.8,100.3,+0.06
71,Boston College,ACC,20-16,+11.44,113.9,102.4,67.0,-.017,+9.16,110.4,101.2,-0.74
72,SMU,Amer,20-13,+11.13,111.9,100.8,67.7,-.090,+3.47,108.6,105.2,+0.33
73,UNLV,MWC,21-13,+10.86,113.0,102.2,65.6,+.022,+8.02,110.7,102.7,+3.71
74,North Texas,Amer,19-15,+10.83,110.3,99.4,61.8,-.102,+5.86,109.8,103.9,+4.24
75,VCU,A10,24-14,+10.69,109.2,98.5,65.6,-.011,+5.27,108.7,103.4,+0.34
76,Memphis,Amer,22-10,+10.59,113.2,102.6,71.6,+.036,+5.00,109.2,104.2,+5.32
77,Penn St.,B10,16-17,+10.49,111.5,101.1,69.8,-.059,+9.52,111.1,101.6,-3.95
78,Minnesota,B10,19-15,+10.39,113.6,103.2,66.6,-.017,+8.35,110.9,102.5,-12.77
79,Florida St.,ACC,17-16,+10.29,110.9,100.6,71.1,+.013,+11.13,112.7,101.6,+2.89
80,Syracuse,ACC,20-12,+10.26,111.7,101.4,70.8,+.132,+11.20,112.4,101.2,+3.27
81,Samford 13,SC,29-6,+10.03,113.6,103.6,72.8,+.110,-2.14,104.5,106.7,-5.47
82,UC Irvine,BW,24-10,+9.97,109.5,99.6,68.6,-.049,-0.05,106.0,106.1,+5.68
83,Appalachian St.,SB,27-7,+9.88,108.4,98.6,67.1,+.019,-1.31,106.4,107.7,+0.21
84,Georgia,SEC,20-17,+9.82,109.4,99.6,69.0,+.034,+10.47,112.8,102.4,+0.42
85,USC,P12,15-18,+9.63,110.5,100.8,68.2,-.042,+10.88,111.6,100.7,+6.32
86,Mississippi,SEC,20-12,+9.36,113.9,104.5,66.9,+.095,+8.78,111.0,102.2,-1.54
87,South Florida,Amer,25-8,+9.26,111.0,101.7,68.2,+.049,+0.97,106.5,105.5,-4.18
88,Duquesne 11,A10,25-12,+9.19,107.2,98.0,66.2,+.079,+5.68,109.7,104.0,+1.51
89,Richmond,A10,23-10,+9.08,107.2,98.1,66.8,+.043,+3.37,107.8,104.4,-3.01
90,Yale 13,Ivy,23-10,+9.07,110.9,101.8,64.9,+.040,+3.07,108.7,105.6,+5.01
91,Indiana,B10,19-14,+8.74,109.8,101.1,68.5,+.138,+11.77,113.0,101.2,-0.89
92,Massachusetts,A10,20-11,+8.58,111.8,103.2,68.3,-.063,+0.59,106.3,105.7,-5.40
93,Loyola Chicago,A10,23-10,+8.38,105.5,97.1,68.7,+.056,+3.03,107.6,104.6,-3.50
94,Louisiana Tech,CUSA,22-10,+8.33,108.8,100.5,65.8,-.072,-0.24,104.7,104.9,+3.95
95,LSU,SEC,17-16,+8.26,110.5,102.2,69.9,-.019,+8.85,111.3,102.4,-1.46
96,Miami FL,ACC,15-17,+8.17,111.2,103.0,68.6,-.059,+9.83,111.2,101.4,-2.64
97,George Mason,A10,20-12,+8.09,109.5,101.5,63.8,-.033,+2.26,107.6,105.4,-3.27
98,UCLA,P12,16-17,+7.96,107.4,99.4,63.1,-.028,+9.05,110.5,101.5,+0.68
99,Saint Joseph's,A10,21-14,+7.69,110.6,102.9,68.5,-.044,+2.59,107.3,104.7,-6.28
100,Rutgers,B10,15-17,+7.56,99.4,91.8,67.9,-.000,+11.47,112.7,101.2,-3.00
101,Charleston 13,CAA,27-8,+7.52,113.9,106.4,70.3,+.047,-1.68,105.9,107.5,-0.38
102,St. Bonaventure,A10,20-13,+7.33,111.6,104.3,65.7,-.019,+2.42,106.6,104.2,-4.53
103,Cornell,Ivy,22-8,+7.19,113.4,106.2,71.5,+.024,+0.42,106.2,105.7,+0.14
104,Vermont 13,AE,28-7,+6.61,106.5,99.9,63.3,+.078,-2.20,104.7,106.9,+2.30
105,Stanford,P12,14-18,+6.57,110.5,103.9,69.7,-.052,+8.01,110.0,102.0,-1.88
106,UAB 12,Amer,23-12,+6.49,113.7,107.2,67.8,+.102,+4.78,108.9,104.2,+1.94
107,Seattle,WAC,23-14,+6.48,105.9,99.4,66.9,-.070,-0.69,104.7,105.4,-1.34
108,Arkansas,SEC,16-17,+5.87,110.0,104.1,70.8,+.046,+9.60,112.6,103.0,+2.08
109,Santa Clara,WCC,20-13,+5.70,109.8,104.1,69.2,+.013,+2.57,107.7,105.1,+3.88
110,Western Carolina,SC,22-10,+5.68,109.2,103.5,66.9,+.002,-0.72,106.2,106.9,-0.07
111,Northern Iowa,MVC,19-14,+5.52,109.2,103.6,66.8,+.036,+4.79,108.8,104.0,+6.12
112,UT Arlington,WAC,20-14,+5.38,109.5,104.2,71.1,+.018,+1.95,106.1,104.2,+9.23
113,Hofstra,CAA,20-13,+5.35,108.5,103.1,65.8,-.038,-0.32,107.6,107.9,+5.43
114,High Point,BSth,27-9,+5.33,115.8,110.5,68.8,-.043,-3.91,104.5,108.4,-4.51
115,Belmont,MVC,20-13,+5.31,109.4,104.0,71.3,+.056,+2.65,107.9,105.2,+1.36
116,Morehead St. 14,OVC,26-9,+5.15,109.1,104.0,64.3,+.043,-5.27,103.6,108.9,+7.73
117,Oklahoma St.,B12,12-20,+4.90,108.8,103.9,67.2,-.070,+9.14,110.4,101.2,-5.58
118,Notre Dame,ACC,13-20,+4.85,103.3,98.4,64.4,-.012,+9.78,111.4,101.6,-1.04
119,UNC Wilmington,CAA,21-10,+4.73,113.3,108.6,65.4,+.020,-0.48,106.3,106.8,+5.67
120,Charlotte,Amer,19-12,+4.65,108.7,104.1,62.5,+.046,+2.60,107.8,105.2,+2.60
121,California,P12,13-19,+4.64,109.0,104.4,68.6,-.003,+8.94,110.7,101.8,+0.57
122,Akron 14,MAC,24-11,+4.58,106.8,102.2,66.0,+.008,-1.43,105.7,107.2,+6.16
123,Georgia Tech,ACC,14-18,+4.45,109.4,105.0,67.6,+.072,+11.25,111.4,100.2,+4.66
124,Southern Illinois,MVC,19-13,+4.44,109.3,104.8,64.5,-.018,+0.57,106.6,106.0,-7.08
125,Davidson,A10,15-17,+4.28,105.7,101.4,65.7,-.080,+4.21,107.8,103.6,+0.94
126,Drexel,CAA,20-12,+4.17,108.3,104.1,64.6,-.035,-2.03,105.5,107.5,+0.36
127,Arizona St.,P12,14-18,+3.92,104.0,100.1,69.2,+.064,+10.51,111.6,101.1,+6.00
128,Michigan,B10,8-24,+3.90,110.6,106.7,67.5,-.083,+14.00,114.2,100.2,+7.59
129,Tarleton St.,WAC,25-10,+3.75,109.3,105.5,67.0,+.124,+0.10,104.6,104.5,+5.08
130,UC San Diego,BW,21-12,+3.74,111.8,108.1,65.6,-.026,-2.46,104.0,106.4,-0.76
131,Oakland 14,Horz,24-12,+3.73,109.3,105.6,66.5,+.077,-0.08,107.6,107.7,+9.87
132,Troy,SB,20-12,+3.65,107.2,103.5,69.8,-.052,-1.87,105.2,107.1,+0.83
133,Arkansas St.,SB,20-17,+3.40,113.4,110.0,68.1,-.022,+0.20,106.7,106.5,+2.25
134,Youngstown St.,Horz,22-10,+3.02,108.3,105.3,69.0,-.022,-4.17,105.2,109.4,+1.16
135,Western Kentucky 15,CUSA,22-12,+2.90,105.4,102.5,75.3,-.036,-2.07,104.0,106.1,-3.00
136,Tulane,Amer,14-17,+2.73,110.8,108.0,72.8,-.086,+3.40,108.0,104.6,-3.43
137,Liberty,CUSA,18-14,+2.73,109.2,106.5,64.7,-.052,+0.05,104.3,104.3,+3.12
138,South Dakota St. 15,Sum,22-13,+2.69,108.8,106.1,68.0,-.013,-2.05,105.7,107.7,+2.76
139,Toledo,MAC,20-12,+2.55,112.7,110.1,69.4,+.004,-1.59,105.2,106.8,+4.95
140,Chattanooga,SC,21-12,+2.52,110.4,107.9,67.1,+.027,-2.08,105.2,107.3,-4.36
141,Furman,SC,17-16,+2.37,109.9,107.6,68.9,-.068,+0.78,107.4,106.6,+2.08
142,Sam Houston St.,CUSA,21-12,+2.27,106.0,103.7,67.6,+.066,-0.20,104.2,104.4,+2.82
143,Ohio,MAC,20-13,+2.13,109.1,106.9,67.5,-.096,-4.58,103.8,108.4,-2.84
144,West Virginia,B12,9-23,+1.94,108.3,106.4,68.5,-.009,+11.87,111.7,99.8,+2.81
145,Missouri,SEC,8-24,+1.79,108.4,106.6,66.7,-.137,+9.94,112.5,102.5,-1.29
146,Towson,CAA,20-14,+1.77,103.5,101.7,62.3,+.012,-1.19,106.5,107.7,+1.53
147,UNC Greensboro,SC,21-11,+1.74,109.2,107.5,64.9,+.070,-0.73,106.1,106.8,-0.50
148,St. Thomas,Sum,20-13,+1.71,107.6,105.9,63.1,-.087,-5.02,104.6,109.6,-3.85
149,Missouri St.,MVC,17-16,+1.61,104.5,102.9,67.9,+.022,+2.36,107.3,104.9,-3.32
150,Colgate 14,Pat,25-10,+1.50,104.8,103.3,66.4,+.068,-6.51,102.3,108.8,+6.36
151,Louisiana,SB,19-14,+1.40,105.9,104.5,68.8,-.017,-0.76,106.4,107.2,+1.74
152,Eastern Washington,BSky,21-11,+1.35,112.0,110.7,70.6,+.072,-1.71,105.8,107.5,+8.94
153,UMass Lowell,AE,22-10,+1.31,106.2,104.9,70.2,-.004,-4.27,102.1,106.3,-3.13
154,Wichita St.,Amer,15-19,+1.12,104.7,103.6,68.1,-.037,+3.51,108.9,105.4,+1.48
155,Oregon St.,P12,13-19,+1.03,107.0,105.9,65.3,+.044,+9.30,110.7,101.4,+0.50
156,Weber St.,BSky,20-12,+0.92,108.6,107.7,65.7,-.014,-2.76,104.9,107.7,+4.00
157,Purdue Fort Wayne,Horz,23-13,+0.83,104.9,104.1,70.9,-.039,-5.31,104.4,109.7,-9.05
158,Wright St.,Horz,18-14,+0.80,116.1,115.3,71.6,-.058,-2.58,104.9,107.5,+4.09
159,Wyoming,MWC,15-17,+0.79,108.7,107.9,67.2,+.038,+6.42,110.2,103.8,+2.47
160,Murray St.,MVC,12-20,+0.52,107.4,106.9,64.5,-.113,+3.01,107.3,104.3,-0.21
161,Longwood 16,BSth,21-14,+0.35,105.5,105.2,66.9,-.005,-3.40,104.7,108.1,-6.80
162,Utah Valley,WAC,16-16,-0.10,100.2,100.3,67.7,+.000,+1.87,106.4,104.5,+7.07
163,Montana,BSky,24-12,-0.17,110.6,110.8,66.3,+.076,-3.65,104.9,108.5,+1.70
164,UNC Asheville,BSth,22-12,-0.21,107.4,107.6,68.2,+.083,-1.27,106.3,107.5,+3.33
165,Long Beach St. 15,BW,21-15,-0.25,107.3,107.5,71.5,+.053,-0.30,105.2,105.5,+1.29
166,Lipscomb,ASun,20-12,-0.39,112.0,112.4,69.1,+.010,-3.96,105.3,109.2,+2.21
167,Hawaii,BW,20-14,-0.59,104.8,105.3,66.2,-.008,-3.21,103.8,107.0,-5.31
168,Stony Brook,CAA,20-15,-0.63,106.3,106.9,67.6,+.054,-1.32,105.4,106.7,+1.10
169,Delaware,CAA,19-14,-0.63,105.0,105.6,67.5,-.014,-3.07,105.1,108.2,-0.75
170,Stephen F. Austin,WAC,18-15,-0.65,102.0,102.6,69.3,+.008,-0.26,105.1,105.4,-1.02
171,Kent St.,MAC,17-17,-0.81,106.1,107.0,66.6,-.083,-2.12,105.0,107.1,+3.45
172,Quinnipiac,MAAC,24-10,-0.85,105.2,106.0,71.4,+.060,-7.03,101.0,108.0,-7.27
173,Bryant,AE,20-13,-0.91,101.1,102.0,74.2,+.066,-1.60,104.2,105.8,+3.72
174,East Tennessee St.,SC,19-16,-0.97,103.4,104.4,67.1,+.028,-0.06,106.3,106.4,+0.97
175,Fairfield,MAAC,24-13,-0.98,108.4,109.4,68.6,+.033,-5.23,101.8,107.0,-2.59
176,Winthrop,BSth,17-15,-1.11,107.0,108.1,67.0,-.057,-1.90,105.9,107.8,+1.19
177,UC Davis,BW,20-13,-1.12,102.3,103.4,67.2,+.035,-2.64,105.0,107.6,-4.20
178,UTEP,CUSA,18-16,-1.15,98.4,99.5,69.8,-.009,-0.57,105.2,105.8,-0.78
179,Illinois St.,MVC,15-17,-1.86,102.7,104.6,63.8,+.021,+1.13,107.3,106.2,-4.00
180,Texas St.,SB,17-18,-1.93,100.7,102.6,66.5,+.037,+1.38,107.0,105.6,+7.12
181,Temple,Amer,16-20,-2.21,102.6,104.8,66.9,+.033,+2.26,108.2,106.0,-1.69
182,Texas A&M Corpus Chris,Slnd,21-12,-2.25,100.4,102.7,68.9,-.006,-7.55,101.7,109.3,+1.51
183,Vanderbilt,SEC,9-23,-2.26,105.2,107.4,65.7,+.023,+10.30,112.2,101.9,-1.41
184,Tulsa,Amer,16-15,-2.27,103.0,105.3,70.6,+.001,-1.13,105.9,107.0,-10.43
185,Louisville,ACC,8-24,-2.31,105.9,108.2,69.9,-.036,+9.33,111.4,102.1,-4.31
186,Northern Kentucky,Horz,18-15,-2.33,103.3,105.6,68.2,+.018,-2.23,106.1,108.3,+4.23
187,Loyola Marymount,WCC,12-19,-2.37,108.4,110.7,64.7,-.112,-0.08,106.5,106.6,-1.87
188,Fordham,A10,13-20,-2.41,101.2,103.6,68.8,-.027,+1.70,106.9,105.2,-5.96
189,East Carolina,Amer,15-18,-2.45,104.8,107.2,65.0,-.002,+1.08,107.0,105.9,-6.50
190,Cal Baptist,WAC,16-17,-2.47,103.2,105.7,63.7,-.045,-1.40,103.9,105.3,-6.14
191,Brown,Ivy,13-18,-2.47,104.3,106.7,67.3,-.010,+0.93,106.5,105.6,+0.09
192,Georgetown,BE,9-23,-2.50,110.6,113.1,66.7,-.021,+9.93,110.5,100.5,-7.21
193,Wofford,SC,17-15,-2.57,107.5,110.1,65.6,+.060,+1.16,107.3,106.1,+3.75
194,Little Rock,OVC,21-13,-2.62,106.7,109.3,68.9,-.014,-8.87,100.9,109.8,-6.29
195,La Salle,A10,16-17,-2.74,106.1,108.8,66.7,+.045,+1.15,106.8,105.6,-7.42
196,Illinois Chicago,MVC,12-21,-2.76,100.9,103.6,68.3,-.064,+2.55,107.4,104.8,-3.02
197,Cleveland St.,Horz,21-15,-2.78,106.1,108.9,67.5,+.033,-3.43,105.2,108.6,-1.07
198,Monmouth,CAA,18-15,-2.82,105.7,108.6,67.9,+.058,-1.59,105.8,107.4,+1.67
199,Saint Louis,A10,13-20,-2.83,111.5,114.4,69.5,+.061,+5.59,108.3,102.7,+3.08
200,Jacksonville St.,CUSA,14-18,-2.94,102.0,105.0,64.8,-.109,-1.95,104.3,106.3,-2.65
201,Saint Peter's 15,MAAC,19-14,-3.03,98.4,101.4,64.1,+.041,-3.95,102.8,106.8,+0.54
202,Northern Colorado,BSky,19-14,-3.25,107.6,110.8,70.0,+.011,-4.41,104.6,109.0,-2.54
203,George Washington,A10,15-17,-3.41,107.3,110.7,69.8,-.011,+0.18,105.6,105.4,-10.51
204,Gardner Webb,BSth,17-16,-3.59,102.3,105.9,69.5,+.078,+0.69,107.4,106.7,+7.03
205,UC Santa Barbara,BW,16-15,-3.63,106.2,109.8,67.4,-.014,-2.82,103.6,106.4,-4.59
206,Rhode Island,A10,12-20,-3.85,106.7,110.5,68.8,-.001,+3.49,107.8,104.3,+0.62
207,Abilene Christian,WAC,16-18,-3.86,101.8,105.6,68.6,+.050,+0.50,104.8,104.3,+0.49
208,Evansville,MVC,17-18,-3.92,102.1,106.1,68.6,+.071,+2.14,106.9,104.8,-6.06
209,Mercer,SC,16-17,-3.94,104.4,108.4,66.2,+.035,-0.68,106.5,107.2,-2.40
210,Lamar,Slnd,19-14,-3.97,104.3,108.3,68.3,-.030,-7.84,101.8,109.7,-3.27
211,Eastern Kentucky,ASun,17-14,-4.02,107.0,111.0,68.9,+.016,-4.03,105.9,109.9,+3.14
212,Merrimack,NEC,21-12,-4.03,96.8,100.9,67.4,+.018,-8.67,100.4,109.0,+3.91
213,Penn,Ivy,11-18,-4.08,109.3,113.3,65.5,-.071,+1.27,106.9,105.6,+2.36
214,UMKC,Sum,16-16,-4.10,101.3,105.3,66.7,-.029,-3.63,105.3,108.9,+0.07
215,Marist,MAAC,18-13,-4.15,97.0,101.1,64.8,+.001,-6.98,101.1,108.1,-7.76
216,Tennessee Martin,OVC,21-11,-4.20,106.6,110.8,73.0,+.066,-6.29,101.9,108.2,+3.03
217,UC Riverside,BW,16-18,-4.21,104.7,108.9,67.1,+.021,-0.57,105.2,105.7,+3.72
218,Georgia St.,SB,14-17,-4.31,105.7,110.0,68.0,-.019,-1.05,105.6,106.6,+0.23
219,Norfolk St.,MEAC,24-11,-4.41,104.3,108.7,66.3,+.087,-7.45,100.5,108.0,+2.15
220,Stetson 16,ASun,22-13,-4.51,109.8,114.3,66.5,+.145,-2.86,105.7,108.6,+4.58
221,South Alabama,SB,16-16,-4.55,104.4,109.0,68.3,+.043,-2.53,104.8,107.4,-5.26
222,Milwaukee,Horz,20-15,-4.60,108.0,112.6,70.2,+.067,-3.24,105.2,108.4,+1.23
223,Montana St. 16,BSky,17-18,-4.65,103.5,108.2,69.0,-.009,-3.58,105.1,108.7,+0.08
224,Pepperdine,WCC,13-20,-4.66,106.1,110.8,67.4,-.087,+0.57,106.8,106.2,+0.57
225,Rider,MAAC,15-17,-4.68,102.8,107.5,68.1,-.018,-2.48,103.4,105.8,+8.98
226,Iona,MAAC,16-17,-4.86,103.5,108.4,67.1,-.045,-5.11,102.7,107.9,-0.52
227,Radford,BSth,16-17,-4.94,107.4,112.4,63.6,+.018,-1.72,105.6,107.3,+0.14
228,Harvard,Ivy,14-13,-4.95,102.0,106.9,67.5,+.075,-0.53,107.0,107.5,-2.08
229,Rice,Amer,11-21,-5.09,106.6,111.7,65.9,-.059,+2.60,107.7,105.1,-0.51
230,Green Bay,Horz,18-14,-5.10,104.0,109.0,63.7,+.070,-3.05,105.3,108.4,+1.99
231,Maine,AE,15-17,-5.23,97.3,102.5,65.5,+.003,-2.74,104.2,106.9,-1.33
232,Columbia,Ivy,13-14,-5.39,106.7,112.1,68.6,-.036,-2.61,104.2,106.8,-7.48
233,Cal St. Northridge,BW,19-15,-5.41,100.1,105.5,72.7,+.051,-3.37,103.8,107.2,-7.46
234,Nicholls St.,Slnd,20-14,-5.43,104.5,109.9,66.3,+.101,-3.56,103.8,107.4,+9.64
235,Cal St. Fullerton,BW,14-18,-5.45,100.1,105.5,66.5,+.019,+0.09,105.7,105.6,+5.30
236,North Dakota,Sum,18-14,-5.48,105.4,110.9,66.8,+.025,-5.57,104.7,110.3,-5.85
237,Fresno St.,MWC,12-21,-5.53,103.5,109.0,65.6,+.002,+5.22,109.4,104.1,-4.05
238,Marshall,SB,13-20,-5.55,101.4,106.9,70.5,-.013,-0.24,106.6,106.8,+1.92
239,Bowling Green,MAC,20-14,-5.57,102.4,107.9,67.8,+.048,-5.56,103.0,108.6,-5.50
240,North Florida,ASun,16-16,-5.61,107.1,112.7,67.2,-.007,-3.61,105.9,109.5,+1.05
241,Florida Gulf Coast,ASun,14-18,-5.63,103.3,109.0,63.9,-.054,-2.49,106.8,109.3,+4.75
242,Southern Utah,WAC,10-21,-5.73,106.0,111.8,69.6,-.076,+0.89,104.9,104.0,+2.06
243,Southern Miss,SB,16-16,-5.77,101.3,107.1,68.1,+.055,-0.88,105.6,106.5,+1.18
244,Albany,AE,13-19,-5.82,105.3,111.1,73.1,-.079,-3.32,102.9,106.2,-3.25
245,Austin Peay,ASun,19-16,-5.92,108.2,114.1,64.8,+.052,-3.32,105.6,109.0,+4.29
246,New Hampshire,AE,16-15,-5.95,100.0,106.0,71.5,+.077,-2.48,104.1,106.6,+0.24
247,Cal St. Bakersfield,BW,13-19,-6.05,101.1,107.2,64.9,-.035,-1.31,105.5,106.8,+0.40
248,San Jose St.,MWC,9-23,-6.18,105.8,112.0,65.8,-.038,+5.08,109.4,104.3,-4.10
249,Mount St. Mary's,MAAC,13-19,-6.25,102.5,108.7,69.2,-.118,-6.42,101.3,107.7,-5.44
250,Northeastern,CAA,12-20,-6.29,105.3,111.6,65.8,-.018,-1.28,105.6,106.9,+1.05
251,Portland St.,BSky,17-15,-6.32,99.6,105.9,69.4,+.033,-3.50,105.3,108.8,-0.81
252,North Alabama,ASun,15-17,-6.41,105.7,112.1,67.9,+.009,-3.28,105.8,109.1,+1.97
253,North Carolina Central,MEAC,18-13,-6.62,105.0,111.6,66.7,-.004,-8.18,100.0,108.2,+0.27
254,UTSA,Amer,11-21,-6.73,107.0,113.7,70.6,-.001,-0.01,105.8,105.9,-7.12
255,The Citadel,SC,11-21,-6.92,103.1,110.0,65.6,-.111,-0.15,106.5,106.6,-0.34
256,San Diego,WCC,18-15,-6.98,100.6,107.6,71.2,+.147,-0.25,107.2,107.4,-4.26
257,Miami OH,MAC,15-17,-6.98,99.8,106.7,67.5,-.016,-3.20,104.1,107.3,+0.78
258,Idaho St.,BSky,14-20,-7.07,103.4,110.5,64.1,-.054,-3.78,105.1,108.9,-1.14
259,Grambling St. 16,SWAC,21-15,-7.09,100.1,107.2,64.8,+.139,-4.42,101.9,106.3,+15.00
260,Nebraska Omaha,Sum,15-18,-7.17,103.9,111.1,67.4,-.056,-4.17,105.4,109.6,-1.88
261,Southern,SWAC,18-14,-7.33,97.2,104.6,67.5,+.068,-5.52,101.8,107.3,+14.75
262,Central Connecticut,NEC,20-11,-7.41,101.0,108.4,67.0,+.049,-10.13,99.4,109.5,-1.48
263,Lehigh,Pat,14-18,-7.43,99.5,106.9,70.1,-.073,-6.16,101.6,107.8,+7.42
264,Air Force,MWC,9-22,-7.43,105.9,113.4,61.9,-.046,+2.83,108.0,105.1,-9.84
265,Kennesaw St.,ASun,15-16,-7.57,105.3,112.9,74.1,+.019,-4.23,105.7,109.9,-0.49
266,Ball St.,MAC,15-16,-7.85,103.0,110.8,67.0,-.025,-6.34,102.7,109.0,-5.61
267,Texas Southern,SWAC,16-17,-7.85,98.9,106.7,68.1,+.019,-6.45,101.9,108.4,+11.69
268,Denver,Sum,17-17,-7.96,107.8,115.8,70.5,+.018,-3.60,105.2,108.8,-1.61
269,Queens,ASun,14-19,-7.98,104.0,112.0,72.8,+.037,-1.57,107.1,108.6,+5.26
270,Western Illinois,OVC,21-12,-8.03,97.9,105.9,64.8,+.121,-7.26,102.1,109.4,+1.41
271,Presbyterian,BSth,14-19,-8.04,103.1,111.2,67.5,-.031,-4.29,104.3,108.6,-7.22
272,Niagara,MAAC,16-16,-8.15,103.3,111.4,67.4,+.021,-6.28,101.1,107.3,-3.99
273,Jacksonville,ASun,16-17,-8.28,101.1,109.3,65.6,+.043,-3.86,106.3,110.2,+0.17
274,UMBC,AE,11-21,-8.34,105.0,113.4,73.2,-.079,-4.85,101.9,106.8,-7.12
275,Howard 16,MEAC,18-17,-8.38,105.6,113.9,67.8,+.011,-7.02,100.6,107.6,-0.13
276,Bucknell,Pat,14-19,-8.46,100.2,108.7,64.9,-.023,-5.98,102.0,108.0,+1.92
277,Central Michigan,MAC,18-14,-8.46,96.6,105.0,65.1,+.148,-3.62,104.2,107.8,+3.06
278,Canisius,MAAC,14-18,-8.54,100.1,108.7,66.9,+.026,-3.10,103.8,106.9,+5.19
279,North Dakota St.,Sum,15-17,-8.54,104.0,112.5,65.7,+.076,-1.73,106.9,108.6,+2.72
280,Georgia Southern,SB,9-24,-8.63,104.8,113.4,69.0,-.048,-1.08,105.4,106.4,-0.88
281,Utah Tech,WAC,11-20,-8.81,99.9,108.7,70.4,+.042,+0.67,105.3,104.6,+0.50
282,Middle Tennessee,CUSA,14-19,-8.82,98.1,106.9,65.6,+.072,+0.41,105.2,104.8,+0.31
283,Oral Roberts,Sum,12-19,-8.86,103.4,112.2,67.7,-.000,-1.04,106.7,107.7,+6.91
284,Binghamton,AE,15-15,-8.98,102.5,111.5,66.3,+.070,-3.78,102.8,106.5,-4.03
285,FIU,CUSA,11-22,-9.10,101.6,110.7,70.3,-.010,-1.27,104.2,105.5,-3.01
286,SIU Edwardsville,OVC,17-16,-9.69,101.3,111.0,67.2,+.015,-6.87,102.0,108.8,+0.90
287,Old Dominion,SB,7-25,-9.89,99.0,108.9,70.1,-.086,-0.18,106.3,106.5,+1.58
288,USC Upstate,BSth,10-20,-9.95,100.0,110.0,67.2,+.020,-0.73,106.7,107.5,+2.72
289,Delaware St.,MEAC,15-19,-9.98,95.8,105.8,68.9,-.010,-6.61,102.0,108.6,-0.79
290,New Mexico St.,CUSA,13-19,-9.98,99.4,109.3,66.3,+.065,+2.53,106.2,103.6,+6.67
291,Tennessee St.,OVC,18-15,-10.00,98.9,108.9,68.5,+.036,-6.95,102.2,109.2,+1.20
292,Wagner 16,NEC,17-16,-10.00,96.4,106.4,61.6,+.043,-7.47,100.8,108.3,-1.22
293,Sacred Heart,NEC,16-16,-10.09,102.1,112.2,69.3,-.028,-9.83,99.6,109.5,-4.24
294,Alcorn St.,SWAC,14-18,-10.15,106.5,116.6,66.5,+.054,-3.48,103.0,106.5,+15.12
295,Chicago St.,ind,13-19,-10.15,100.3,110.4,64.6,+.050,-1.08,105.4,106.5,-1.34
296,American,Pat,16-16,-10.40,103.5,113.9,62.9,-.006,-9.60,99.8,109.4,-5.01
297,Boston University,Pat,16-17,-10.47,98.3,108.7,65.9,+.008,-8.43,99.8,108.2,-2.43
298,Louisiana Monroe,SB,11-19,-10.64,100.1,110.7,67.3,+.027,-0.61,105.0,105.7,+1.58
299,Portland,WCC,12-21,-10.66,103.5,114.1,67.6,+.052,+2.14,107.8,105.7,+0.05
300,Valparaiso,MVC,7-25,-10.73,100.3,111.0,68.0,-.016,+2.66,107.3,104.7,-4.50
301,South Carolina St.,MEAC,14-18,-10.79,99.1,109.9,68.7,+.033,-4.71,102.8,107.5,+3.97
302,Le Moyne,NEC,15-17,-10.94,100.1,111.1,67.4,-.055,-8.72,99.9,108.6,-0.97
303,Bethune Cookman,SWAC,17-17,-10.98,97.9,108.9,69.9,+.060,-7.77,100.3,108.0,+0.23
304,DePaul,BE,3-29,-11.06,101.6,112.6,67.6,-.022,+13.04,113.2,100.2,+1.61
305,Western Michigan,MAC,12-20,-11.42,100.0,111.4,68.6,+.022,-3.30,103.9,107.2,+0.99
306,Southeastern Louisiana,Slnd,15-17,-11.52,98.7,110.3,64.9,+.041,-5.23,103.1,108.3,+6.82
307,Robert Morris,Horz,10-22,-11.55,101.8,113.4,67.1,-.097,-2.79,105.6,108.4,-0.79
308,Northern Illinois,MAC,11-20,-11.61,102.2,113.8,68.1,+.041,-0.15,106.5,106.6,+7.34
309,Jackson St.,SWAC,15-17,-11.66,100.6,112.3,68.5,+.095,-6.07,102.4,108.5,+7.30
310,Alabama St.,SWAC,13-19,-12.29,93.1,105.3,67.2,-.009,-5.62,102.0,107.7,+11.92
311,Campbell,CAA,14-18,-12.32,100.7,113.0,66.7,+.030,-5.11,104.2,109.3,-6.85
312,Northern Arizona,BSky,14-19,-12.41,99.1,111.5,68.3,+.095,-2.83,105.2,108.0,+0.19
313,Coastal Carolina,SB,9-22,-12.80,99.5,112.3,69.6,+.003,-2.43,105.1,107.5,-5.33
314,Sacramento St.,BSky,10-24,-13.00,98.2,111.2,64.0,-.004,-2.15,106.0,108.1,+2.62
315,Charleston Southern,BSth,10-20,-13.03,95.5,108.5,67.0,+.044,+0.48,107.3,106.8,+6.55
316,Bellarmine,ASun,8-23,-13.11,100.3,113.4,64.9,-.058,-0.26,108.2,108.4,+8.48
317,Elon,CAA,13-19,-13.31,101.8,115.1,67.5,+.050,-4.60,104.8,109.4,-2.32
318,Lafayette,Pat,11-21,-13.48,93.6,107.1,65.4,-.028,-5.76,102.7,108.4,+3.05
319,William & Mary,CAA,10-23,-13.56,100.7,114.3,65.9,-.062,-4.65,104.2,108.9,-5.78
320,Eastern Illinois,OVC,14-18,-13.78,96.1,109.9,66.8,+.008,-6.44,101.6,108.0,+3.92
321,Idaho,BSky,11-21,-13.99,98.3,112.3,65.0,-.019,-3.95,104.8,108.7,-2.31
322,South Dakota,Sum,12-20,-14.01,103.1,117.1,68.8,+.010,-4.49,104.5,109.0,-4.49
323,Navy,Pat,13-18,-14.30,96.8,111.1,65.6,-.020,-9.90,99.6,109.5,-5.76
324,Alabama A&M,SWAC,12-23,-14.36,94.2,108.6,70.6,+.028,-5.91,102.6,108.5,+4.77
325,Northwestern St.,Slnd,9-23,-14.89,97.7,112.5,67.5,-.093,-5.47,103.1,108.6,+2.72
326,Eastern Michigan,MAC,13-18,-15.12,96.9,112.1,65.4,+.090,-5.21,103.5,108.7,-3.65
327,Fairleigh Dickinson,NEC,15-17,-15.31,98.0,113.3,72.2,+.086,-9.09,100.3,109.4,-4.66
328,Southern Indiana,OVC,8-24,-15.87,96.0,111.9,69.1,-.082,-5.26,102.8,108.1,+5.66
329,UT Rio Grande Valley,WAC,6-25,-16.03,95.6,111.6,71.3,-.001,+1.01,105.6,104.6,+0.14
330,Prairie View A&M,SWAC,10-21,-16.52,94.7,111.2,70.8,+.013,-5.00,102.8,107.8,+8.61
331,Arkansas Pine Bluff,SWAC,13-18,-16.69,102.2,118.9,71.9,+.044,-7.53,101.0,108.5,+10.56
332,Tennessee Tech,OVC,10-21,-16.76,96.3,113.1,65.7,-.039,-5.13,103.2,108.3,+2.62
333,Texas A&M Commerce,Slnd,13-20,-16.76,94.7,111.5,66.3,+.067,-4.22,104.4,108.7,+10.00
334,Morgan St.,MEAC,11-20,-16.80,97.4,114.2,70.9,+.009,-5.22,102.9,108.1,+3.06
335,NJIT,AE,7-21,-17.03,97.5,114.5,66.3,+.026,-2.75,103.4,106.1,-2.32
336,Dartmouth,Ivy,6-21,-17.06,93.2,110.3,65.2,+.004,+0.80,107.5,106.7,-0.86
337,Manhattan,MAAC,7-23,-17.47,95.2,112.6,68.1,-.016,-3.60,102.7,106.3,+3.08
338,Florida A&M,SWAC,6-23,-17.66,93.3,111.0,68.4,-.040,-3.23,103.4,106.6,+18.88
339,Cal Poly,BW,4-28,-17.84,94.5,112.4,65.9,-.009,-1.06,105.6,106.7,-1.55
340,Central Arkansas,ASun,9-23,-17.97,97.2,115.2,69.3,+.022,-4.82,105.1,109.9,-3.68
341,Hampton,CAA,9-24,-18.04,94.5,112.6,69.8,-.000,-4.09,105.0,109.1,-3.53
342,New Orleans,Slnd,10-23,-18.33,97.8,116.2,71.6,-.034,-4.24,103.5,107.7,+7.28
343,LIU,NEC,7-22,-18.87,93.3,112.2,70.4,-.001,-5.93,101.5,107.4,+1.82
344,Army,Pat,10-22,-19.00,90.9,109.9,63.1,-.052,-9.30,100.5,109.8,-5.48
345,Incarnate Word,Slnd,8-23,-19.04,96.5,115.5,70.0,-.009,-6.84,102.2,109.0,-3.16
346,North Carolina A&T,CAA,7-25,-19.43,96.0,115.4,67.8,+.045,-2.33,105.0,107.4,+1.37
347,Maryland Eastern Shore,MEAC,9-20,-19.69,89.8,109.5,67.2,+.003,-4.57,102.9,107.5,+5.26
348,Buffalo,MAC,4-27,-19.70,95.4,115.1,69.2,-.017,-2.32,105.1,107.4,+0.90
349,Holy Cross,Pat,10-23,-19.72,100.7,120.4,65.9,+.017,-7.78,100.6,108.4,-3.54
350,Loyola MD,Pat,7-25,-20.27,93.3,113.6,65.8,-.008,-6.52,102.1,108.6,+0.56
351,Detroit Mercy,Horz,1-31,-20.52,96.9,117.5,66.9,-.068,-0.36,107.2,107.6,+5.91
352,Southeast Missouri St.,OVC,9-22,-21.33,91.3,112.7,69.2,+.016,-5.39,102.5,107.9,+2.97
353,VMI,SC,4-28,-22.07,89.2,111.2,74.7,-.060,+0.04,107.2,107.2,-3.14
354,Saint Francis,NEC,8-22,-22.26,94.4,116.7,65.5,+.021,-7.46,100.9,108.4,-0.45
355,Houston Christian,Slnd,6-23,-22.42,96.6,119.0,71.5,-.005,-3.11,104.6,107.7,+11.70
356,Lindenwood,OVC,9-22,-22.52,91.7,114.2,67.2,+.024,-7.21,101.5,108.7,-1.84
357,Siena,MAAC,4-28,-22.83,90.5,113.4,66.1,-.011,-3.83,103.5,107.3,-0.56
358,Pacific,WCC,6-26,-22.84,95.3,118.1,68.4,-.014,-0.13,106.2,106.4,-5.22
359,Stonehill,NEC,4-27,-22.93,91.9,114.8,67.7,-.078,-5.10,102.1,107.2,+4.10
360,IUPUI,Horz,6-26,-25.61,92.3,117.9,67.5,-.019,-3.06,106.1,109.2,-4.33
361,Coppin St.,MEAC,2-27,-25.73,85.7,111.4,66.2,-.057,-5.12,102.9,108.0,+0.66
362,Mississippi Valley St.,SWAC,1-30,-30.83,85.5,116.3,64.7,-.060,-2.12,104.4,106.5,+15.26
